Workbook

Sheet Dataset
A1: Emp Id | B1: Name | C1: Department | D1: Country | E1: Salary | F1: Date of Joining | G1: Performance Rating | H1: Gender | I1: Email
A2: EMP1016 | B2: Bob Johnson | C2: Marketing | D2: Germany | E2: 90271 | F2: 42120 | G2: 1 | H2: Male | I2: user64@example.com
A3: EMP1018 | B3: Alice Brown | C3: Finance | D3: UK | E3: 73602 | F3: 42134 | G3: 1 | H3: Female | I3: user96@example.com
A4: EMP1041 | B4: Alice Brown | C4: IT | D4: Germany | E4: 33956 | F4: 42295 | G4: 1 | H4: Female | I4: user47@example.com
A5: EMP1044 | B5: Chris Lee | C5: Finance | D5: India | E5: 81610 | F5: 42316 | G5: 1 | H5: Female | I5: user20@example.com
A6: EMP1052 | B6: Eve Adams | C6: Marketing | D6: India | E6: 30280 | F6: 42372 | G6: 1 | H6: Female | I6: user152@example.com
A7: EMP1059 | B7: Sam Wilson | C7: Finance | D7: USA | E7: 82033 | F7: 42421 | G7: 1 | H7: Male | I7: user20@example.com
A8: EMP1069 | B8: Bob Johnson | C8: Finance | D8: India | E8: 77096 | F8: 42491 | G8: 1 | H8: Male | I8: user65@example.com
A9: EMP1074 | B9: Sam Wilson | C9: Marketing | D9: Germany | E9: 41243 | F9: 42526 | G9: 1 | H9: Male | I9: user143@example.com
A10: EMP1080 | B10: Eve Adams | C10: Marketing | D10: India | E10: N/A | G10: 1 | H10: Female | I10: user135@example.com
A11: EMP1082 | B11: Eve Adams | C11: IT | D11: UK | E11: 42262 | F11: 42582 | G11: 1 | H11: Female | I11: user104@example.com
A12: EMP1104 | B12: Jane Smith | C12: Marketing | D12: Australia | E12: 61556 | F12: 42736 | G12: 1 | H12: Male | I12: user40@example.com
A13: EMP1108 | B13: Sam Wilson | C13: HR | D13: India | E13: 66761 | F13: 42764 | G13: 1 | H13: Male | I13: user93@example.com
A14: EMP1117 | B14: Bob Johnson | C14: Marketing | D14: India | E14: 73483 | F14: 42827 | G14: 1 | H14: Male | I14: user137@example.com
A15: EMP1128 | B15: Chris Lee | C15: Sales | D15: USA | E15: 30402 | F15: 42904 | G15: 1 | H15: Female | I15: user167@example.com
A16: EMP1129 | B16: Bob Johnson | C16: Marketing | D16: UK | E16: 62994 | F16: 42911 | G16: 1 | H16: Male | I16: user175@example.com
A17: EMP1137 | B17: Chris Lee | C17: HR | D17: Germany | E17: 84968 | F17: 42967 | G17: 1 | H17: Female | I17: user165@example.com
A18: EMP1143 | B18: Chris Lee | C18: Sales | D18: UK | E18: 91620 | F18: 43009 | G18: 1 | H18: Female | I18: user114@example.com
A19: EMP1147 | B19: Bob Johnson | C19: Sales | D19: Australia | E19: 65270 | F19: 43037 | G19: 1 | H19: Male | I19: user163@example.com
A20: EMP1002 | B20: Alice Brown | C20: Finance | D20: Germany | E20: 63184 | F20: 42022 | G20: 2 | H20: Female | I20: user176@example.com
A21: EMP1061 | B21: Eve Adams | C21: Marketing | D21: Australia | E21: 31499 | F21: 42435 | G21: 2 | H21: Female | I21: user31@example.com
A22: EMP1068 | B22: Sam Wilson | C22: Finance | D22: UK | E22: 41467 | F22: 42484 | G22: 2 | H22: Male | I22: user77@example.com
... A27: EMP1146 | B27: John Doe | C27: Marketing | D27: USA | E27: 57141 | F27: 43030 | G27: 2 | H27: Male | I27: user165@example.com
A28: EMP1025 | B28: Chris Lee | C28: Marketing | E28: 52272 | F28: 42183 | G28: 3 | H28: Female | I28: user41@example.com
A29: EMP1034 | B29: John Doe | C29: Sales | D29: Australia | E29: 79549 | F29: 42246 | G29: 3 | H29: Male | I29: user198@example.com
A30: EMP1039 | B30: Chris Lee | C30: HR | D30: UK | E30: 48224 | F30: 42281 | G30: 3 | H30: Female | I30: user42@example.com
A31: EMP1057 | B31: Eve Adams | C31: Marketing | D31: India | E31: 96949 | F31: 42407 | G31: 3 | H31: Female | I31: user103@example.com
A32: EMP1071 | B32: Eve Adams | C32: Marketing | D32: USA | E32: 85065 | F32: 42505 | G32: 3 | H32: Female | I32: user142@example.com
A33: EMP1088 | B33: Chris Lee | C33: IT | D33: India | E33: 63434 | F33: 42624 | G33: 3 | H33: Female | I33: user48@example.com
A34: EMP1096 | B34: Jane Smith | C34: Finance | D34: USA | E34: 72939 | F34: 42680 | G34: 3 | H34: Male | I34: user191@example.com
A35: EMP1118 | B35: Chris Lee | C35: Sales | D35: India | E35: 95032 | F35: 42834 | G35: 3 | H35: Female | I35: user23@example.com
A36: EMP1133 | B36: Chris Lee | C36: HR | D36: Germany | E36: 45758 | F36: 42939 | G36: 3 | H36: Female | I36: user44@example.com
A37: EMP1013 | B37: Sam Wilson | C37: Marketing | D37: India | E37: 62158 | F37: 42099 | G37: 4 | H37: Male | I37: user180@example.com
A38: EMP1021 | B38: Jane Smith | C38: HR | D38: India | E38: 98922 | F38: 42155 | G38: 4 | H38: Male | I38: user77@example.com
A39: EMP1047 | B39: Chris Lee | C39: HR | D39: India | E39: 58245 | F39: 42337 | G39: 4 | H39: Female | I39: user43@example.com
A40: EMP1114 | B40: Eve Adams | C40: Marketing | D40: UK | E40: 44627 | F40: 42806 | G40: 4 | H40: Female | I40: user97@example.com
... A44: EMP1051 | B44: Sam Wilson | C44: Sales | D44: India | E44: 39423 | F44: 42365 | G44: 5 | H44: Male | I44: user59@example.com
A45: EMP1125 | B45: John Doe | C45: Finance | E45: 90019 | F45: 42883 | G45: 5 | H45: Male | I45: user52@example.com

Sheet Vlookup
A1: Emp Id | B1: Name | C1: Department | D1: Country | E1: Salary | F1: Date of Joining | G1: Performance Rating | H1: Gender | I1: Email
A2: EMP1016 | B2: =VLOOKUP($A2, Dataset!$A$2:$I$151, 2, FALSE) -> Bob Johnson | C2: =VLOOKUP($A2, Dataset!$A$2:$I$151, 3, FALSE) -> Marketing | D2: =VLOOKUP($A2, Dataset!$A$2:$I$151, 4, FALSE) -> Germany | E2: =VLOOKUP($A2, Dataset!$A$2:$I$151, 5, FALSE) -> 90271 | F2: =VLOOKUP($A2, Dataset!$A$2:$I$151, 6, FALSE) -> 42120 | G2: =VLOOKUP($A2, Dataset!$A$2:$I$151, 7, FALSE) -> 1 | H2: =VLOOKUP($A2, Dataset!$A$2:$I$151, 8, FALSE) -> Male | I2: =VLOOKUP($A2, Dataset!$A$2:$I$151, 9, FALSE) -> user64@example.com
A3: EMP1018 | B3: =VLOOKUP($A3, Dataset!$A$2:$I$151, 2, FALSE) -> Alice Brown | C3: =VLOOKUP($A3, Dataset!$A$2:$I$151, 3, FALSE) -> Finance | D3: =VLOOKUP($A3, Dataset!$A$2:$I$151, 4, FALSE) -> UK | E3: =VLOOKUP($A3, Dataset!$A$2:$I$151, 5, FALSE) -> 73602 | F3: =VLOOKUP($A3, Dataset!$A$2:$I$151, 6, FALSE) -> 42134 | G3: =VLOOKUP($A3, Dataset!$A$2:$I$151, 7, FALSE) -> 1 | H3: =VLOOKUP($A3, Dataset!$A$2:$I$151, 8, FALSE) -> Female | I3: =VLOOKUP($A3, Dataset!$A$2:$I$151, 9, FALSE) -> user96@example.com
A4: EMP1041 | B4: =VLOOKUP($A4, Dataset!$A$2:$I$151, 2, FALSE) -> Alice Brown | C4: =VLOOKUP($A4, Dataset!$A$2:$I$151, 3, FALSE) -> IT | D4: =VLOOKUP($A4, Dataset!$A$2:$I$151, 4, FALSE) -> Germany | E4: =VLOOKUP($A4, Dataset!$A$2:$I$151, 5, FALSE) -> 33956 | F4: =VLOOKUP($A4, Dataset!$A$2:$I$151, 6, FALSE) -> 42295 | G4: =VLOOKUP($A4, Dataset!$A$2:$I$151, 7, FALSE) -> 1 | H4: =VLOOKUP($A4, Dataset!$A$2:$I$151, 8, FALSE) -> Female | I4: =VLOOKUP($A4, Dataset!$A$2:$I$151, 9, FALSE) -> user47@example.com
A5: EMP1044 | B5: =VLOOKUP($A5, Dataset!$A$2:$I$151, 2, FALSE) -> Chris Lee | C5: =VLOOKUP($A5, Dataset!$A$2:$I$151, 3, FALSE) -> Finance | D5: =VLOOKUP($A5, Dataset!$A$2:$I$151, 4, FALSE) -> India | E5: =VLOOKUP($A5, Dataset!$A$2:$I$151, 5, FALSE) -> 81610 | F5: =VLOOKUP($A5, Dataset!$A$2:$I$151, 6, FALSE) -> 42316 | G5: =VLOOKUP($A5, Dataset!$A$2:$I$151, 7, FALSE) -> 1 | H5: =VLOOKUP($A5, Dataset!$A$2:$I$151, 8, FALSE) -> Female | I5: =VLOOKUP($A5, Dataset!$A$2:$I$151, 9, FALSE) -> user20@example.com
A6: EMP1052 | B6: =VLOOKUP($A6, Dataset!$A$2:$I$151, 2, FALSE) -> Eve Adams | C6: =VLOOKUP($A6, Dataset!$A$2:$I$151, 3, FALSE) -> Marketing | D6: =VLOOKUP($A6, Dataset!$A$2:$I$151, 4, FALSE) -> India | E6: =VLOOKUP($A6, Dataset!$A$2:$I$151, 5, FALSE) -> 30280 | F6: =VLOOKUP($A6, Dataset!$A$2:$I$151, 6, FALSE) -> 42372 | G6: =VLOOKUP($A6, Dataset!$A$2:$I$151, 7, FALSE) -> 1 | H6: =VLOOKUP($A6, Dataset!$A$2:$I$151, 8, FALSE) -> Female | I6: =VLOOKUP($A6, Dataset!$A$2:$I$151, 9, FALSE) -> user152@example.com
A7: EMP1059 | B7: =VLOOKUP($A7, Dataset!$A$2:$I$151, 2, FALSE) -> Sam Wilson | C7: =VLOOKUP($A7, Dataset!$A$2:$I$151, 3, FALSE) -> Finance | D7: =VLOOKUP($A7, Dataset!$A$2:$I$151, 4, FALSE) -> USA | E7: =VLOOKUP($A7, Dataset!$A$2:$I$151, 5, FALSE) -> 82033 | F7: =VLOOKUP($A7, Dataset!$A$2:$I$151, 6, FALSE) -> 42421 | G7: =VLOOKUP($A7, Dataset!$A$2:$I$151, 7, FALSE) -> 1 | H7: =VLOOKUP($A7, Dataset!$A$2:$I$151, 8, FALSE) -> Male | I7: =VLOOKUP($A7, Dataset!$A$2:$I$151, 9, FALSE) -> user20@example.com
A8: EMP1069 | B8: =VLOOKUP($A8, Dataset!$A$2:$I$151, 2, FALSE) -> Bob Johnson | C8: =VLOOKUP($A8, Dataset!$A$2:$I$151, 3, FALSE) -> Finance | D8: =VLOOKUP($A8, Dataset!$A$2:$I$151, 4, FALSE) -> India | E8: =VLOOKUP($A8, Dataset!$A$2:$I$151, 5, FALSE) -> 77096 | F8: =VLOOKUP($A8, Dataset!$A$2:$I$151, 6, FALSE) -> 42491 | G8: =VLOOKUP($A8, Dataset!$A$2:$I$151, 7, FALSE) -> 1 | H8: =VLOOKUP($A8, Dataset!$A$2:$I$151, 8, FALSE) -> Male | I8: =VLOOKUP($A8, Dataset!$A$2:$I$151, 9, FALSE) -> user65@example.com
A9: EMP1074 | B9: =VLOOKUP($A9, Dataset!$A$2:$I$151, 2, FALSE) -> Sam Wilson | C9: =VLOOKUP($A9, Dataset!$A$2:$I$151, 3, FALSE) -> Marketing | D9: =VLOOKUP($A9, Dataset!$A$2:$I$151, 4, FALSE) -> Germany | E9: =VLOOKUP($A9, Dataset!$A$2:$I$151, 5, FALSE) -> 41243 | F9: =VLOOKUP($A9, Dataset!$A$2:$I$151, 6, FALSE) -> 42526 | G9: =VLOOKUP($A9, Dataset!$A$2:$I$151, 7, FALSE) -> 1 | H9: =VLOOKUP($A9, Dataset!$A$2:$I$151, 8, FALSE) -> Male | I9: =VLOOKUP($A9, Dataset!$A$2:$I$151, 9, FALSE) -> user143@example.com
A10: EMP1080 | B10: =VLOOKUP($A10, Dataset!$A$2:$I$151, 2, FALSE) -> Eve Adams | C10: =VLOOKUP($A10, Dataset!$A$2:$I$151, 3, FALSE) -> Marketing | D10: =VLOOKUP($A10, Dataset!$A$2:$I$151, 4, FALSE) -> India | E10: =VLOOKUP($A10, Dataset!$A$2:$I$151, 5, FALSE) -> N/A | F10: =VLOOKUP($A10, Dataset!$A$2:$I$151, 6, FALSE) -> 0 | G10: =VLOOKUP($A10, Dataset!$A$2:$I$151, 7, FALSE) -> 1 | H10: =VLOOKUP($A10, Dataset!$A$2:$I$151, 8, FALSE) -> Female | I10: =VLOOKUP($A10, Dataset!$A$2:$I$151, 9, FALSE) -> user135@example.com
A11: EMP1082 | B11: =VLOOKUP($A11, Dataset!$A$2:$I$151, 2, FALSE) -> Eve Adams | C11: =VLOOKUP($A11, Dataset!$A$2:$I$151, 3, FALSE) -> IT | D11: =VLOOKUP($A11, Dataset!$A$2:$I$151, 4, FALSE) -> UK | E11: =VLOOKUP($A11, Dataset!$A$2:$I$151, 5, FALSE) -> 42262 | F11: =VLOOKUP($A11, Dataset!$A$2:$I$151, 6, FALSE) -> 42582 | G11: =VLOOKUP($A11, Dataset!$A$2:$I$151, 7, FALSE) -> 1 | H11: =VLOOKUP($A11, Dataset!$A$2:$I$151, 8, FALSE) -> Female | I11: =VLOOKUP($A11, Dataset!$A$2:$I$151, 9, FALSE) -> user104@example.com
A12: EMP1104 | B12: =VLOOKUP($A12, Dataset!$A$2:$I$151, 2, FALSE) -> Jane Smith | C12: =VLOOKUP($A12, Dataset!$A$2:$I$151, 3, FALSE) -> Marketing | D12: =VLOOKUP($A12, Dataset!$A$2:$I$151, 4, FALSE) -> Australia | E12: =VLOOKUP($A12, Dataset!$A$2:$I$151, 5, FALSE) -> 61556 | F12: =VLOOKUP($A12, Dataset!$A$2:$I$151, 6, FALSE) -> 42736 | G12: =VLOOKUP($A12, Dataset!$A$2:$I$151, 7, FALSE) -> 1 | H12: =VLOOKUP($A12, Dataset!$A$2:$I$151, 8, FALSE) -> Male | I12: =VLOOKUP($A12, Dataset!$A$2:$I$151, 9, FALSE) -> user40@example.com
A13: EMP1108 | B13: =VLOOKUP($A13, Dataset!$A$2:$I$151, 2, FALSE) -> Sam Wilson | C13: =VLOOKUP($A13, Dataset!$A$2:$I$151, 3, FALSE) -> HR | D13: =VLOOKUP($A13, Dataset!$A$2:$I$151, 4, FALSE) -> India | E13: =VLOOKUP($A13, Dataset!$A$2:$I$151, 5, FALSE) -> 66761 | F13: =VLOOKUP($A13, Dataset!$A$2:$I$151, 6, FALSE) -> 42764 | G13: =VLOOKUP($A13, Dataset!$A$2:$I$151, 7, FALSE) -> 1 | H13: =VLOOKUP($A13, Dataset!$A$2:$I$151, 8, FALSE) -> Male | I13: =VLOOKUP($A13, Dataset!$A$2:$I$151, 9, FALSE) -> user93@example.com
... A45: EMP1125 | B45: =VLOOKUP($A45, Dataset!$A$2:$I$151, 2, FALSE) -> John Doe | C45: =VLOOKUP($A45, Dataset!$A$2:$I$151, 3, FALSE) -> Finance | D45: =VLOOKUP($A45, Dataset!$A$2:$I$151, 4, FALSE) | E45: =VLOOKUP($A45, Dataset!$A$2:$I$151, 5, FALSE) -> 90019 | F45: =VLOOKUP($A45, Dataset!$A$2:$I$151, 6, FALSE) -> 42883 | G45: =VLOOKUP($A45, Dataset!$A$2:$I$151, 7, FALSE) -> 5 | H45: =VLOOKUP($A45, Dataset!$A$2:$I$151, 8, FALSE) -> Male | I45: =VLOOKUP($A45, Dataset!$A$2:$I$151, 9, FALSE) -> user52@example.com
